"Name","City","County","Veg Type","HappyCow Status","HappyCow Address","HappyCow Phone","HappyCow Website","HappyCow URL","Review Count","Place ID","Verified Address","Lat","Lng","Google Status","Google Website","Google Name"
"Aisha's Plant","Miami","Miami / Dade County","Vegan","Open","1951 NW 7th Ave Suite 190 A, Miami, Florida, USA, 33136","+1-786-636-6967","https://order.online/store/-36499660/?delivery=true&hideModal=true&utm_source=gfo&rwg_token=ACgRB3cyLaIQinsQjFhgYANTdczWiBXif1C1Y98O2ojLjjURTjZYXfHJj3qWlZqd4eTjckWpGgkat1ycov2fhWQGhOmXzLnnWw%3D%3D","https://www.happycow.net/reviews/aishas-plant-based-eatery-miami-493117","18","ChIJy7v6TsK32YgRt2RbNOq-y7Q","1951 NW 7th Ave Ste 190 A, Miami, FL 33136, USA","25.7946858","-80.2065243","OPERATIONAL","https://aishasplantbasedeatery.com/","Aisha's Plant-Based Eatery"
"The Cocinita","Miami","Miami / Dade County","Vegan","Open","75 SE 5th St, Miami, Florida, USA, 33131","+1-786-630-3437","https://www.thecocinitamiami.getsauce.com/","https://www.happycow.net/reviews/the-cocinita-miami-164351","263","ChIJIZJaC0i32YgRO6gq4S48Pbc","70 SE 5th St Ste 107, Miami, FL 33131, USA","25.768522599999997","-80.1909458","OPERATIONAL","https://order.toasttab.com/online/the-cocinita-miami-by-dr-simon-food-llc-70-se-5th-st","The Cocinita"
"Vegan and Juice","Miami","Miami / Dade County","Vegan","Open","10887 NW 17th St, Miami, Florida, USA, 33172","+1-305-220-3430","https://leafletjs.com/","https://www.happycow.net/reviews/vegan-and-juice-miami-8244","33","ChIJB-ZjYCq_2YgRpe89PaZ7YUI","10887 NW 17th St #112, Doral, FL 33172, USA","25.7902317","-80.3723697","OPERATIONAL","https://vegannaturaljuice.iposeats.net/","Vegan and Juice"
"107 Taste","Miami","Miami / Dade County","Vegan","Open","1679 Southwest 107th Avenue, Miami (at 107th ave and 16th st.), Miami, Florida, USA, 33165","+1-786-717-6378","https://leafletjs.com/","https://www.happycow.net/reviews/107-taste-miami-120799","7","ChIJ43QC2zGl2YgRkbZoHCIKQMQ","6705 Main St, Miami Lakes, FL 33014, USA","25.913307399999997","-80.3096183","OPERATIONAL","http://www.107taste.com/","107 Taste Asian Restaurant Miami Lakes"
"3 Chef's Chinese Restaurant","Miami","Miami / Dade County","Vegan","Open","1800 Biscayne Blvd (at downtown), Miami, Florida, USA, 33132","+1-305-373-2688","http://3chefs-mia.com/","https://www.happycow.net/reviews/3-chefs-chinese-restaurant-miami-55787","4","ChIJc7gjW6i22YgR5yrp3LoviMs","275 NE 18th St, Miami, FL 33132, USA","25.794047499999998","-80.18933729999999","OPERATIONAL","http://www.3chefs-mia.com/","3 Chefs"
"Aroma Espresso Bar","Miami","Miami / Dade County","Vegan","Open","71 Northeast 16th St, Miami, Florida, USA, 33132","+1-786-206-1036","http://www.aroma.us/","https://www.happycow.net/reviews/aroma-espresso-bar-miami-273615","10","ChIJWVVV_RO32YgRhcl9oTC5ZfA","71 NE 16th St, Miami, FL 33132, USA","25.7907387","-80.1929007","CLOSED_TEMPORARILY","https://www.aromaespressobarmiami.com/","Aroma Espresso Bar"
"B & M Market","Miami","Miami / Dade County","Vegan","Open","219 Northeast 79th Street, Miami, Florida, USA, 33138","+1-305-757-2889","http://www.bmmarketmiami.com/","https://www.happycow.net/reviews/b-m-market-miami-469649","1","ChIJ9ZlVHnmx2YgRIhh-NLFLt5w","219 NE 79th St, Miami, FL 33138, USA","25.847749099999998","-80.19241170000001","OPERATIONAL","http://www.bmmarketmiami.com/","B & M Market"
"Morgan's","Miami","Miami / Dade County","Vegan","Open","28 NE 29th St, Miami, Florida, USA, 33132","+1-305-573-9678","https://www.themorgansrestaurant.com/","https://www.happycow.net/reviews/morgans-miami-273012","6","ChIJs9n3tay22YgRnqDY58bG-SU","2800 NW 7th Ave, Miami, FL 33127, USA","25.802781","-80.207531","OPERATIONAL","https://www.themorgansrestaurant.com/","Morgans Restaurant"
"Moshi Moshi","Miami","Miami / Dade County","Vegan","Open","7232 Biscayne Blvd, Miami, Florida, USA, 33138","+1-305-751-2114","https://moshimoshi.fun/","https://www.happycow.net/reviews/moshi-moshi-miami-247538","1","ChIJnwaj_taz2YgRd3ddXoqN0ao","7232 Biscayne Blvd, Miami, FL 33138, USA","25.8417727","-80.1846095","OPERATIONAL","https://www.moshimoshi.fun/","Moshi Moshi MiMo"
"NU real food","Miami","Miami / Dade County","Vegan","Open","3252 Buena Vista Boulevard, Miami, Florida, USA, 33137","+1-954-393-0095","https://www.nurealfood.com/","https://www.happycow.net/reviews/nu-real-food-miami-478893","1","ChIJFdsfUgCx2YgRtDMLHjav0I8","3252 Buena Vista Blvd, Miami, FL 33137, USA","25.8072828","-80.1936605","OPERATIONAL","https://www.nurealfood.com/","NU real food"
"Nude Pita","Miami","Miami / Dade County","Vegan","Open","3801 Biscayne Blvd, Miami, Florida, USA, 33137","+1-786-992-9153","http://www.nudepita.com/","https://www.happycow.net/reviews/nude-pita-miami-467116","","ChIJ57fVBSix2YgRpRe760TkS2g","633 NE 79th St, Miami, FL 33138, USA","25.848077099999998","-80.18377439999999","OPERATIONAL","http://www.nudepita.com/","Nude Pita"
"OL'DAYS","Miami","Miami / Dade County","Vegan","Open","3301 NE 1st Ave, Miami, Florida, USA, 33137","+1-786-843-1397","https://www.oldayscoffee.com/","https://www.happycow.net/reviews/oldays-miami-288331","11","ChIJodadmsSx2YgRT2AZcnRUxPo","3301 NE 1st Ave, Miami, FL 33137, USA","25.807999","-80.1926969","OPERATIONAL","http://www.oldayscoffee.com/","OL'DAYS - Farm to Table Midtown"
"Patacon Pisa'o","Miami","Miami / Dade County","Vegan","Open","13630 SW 120th St, Miami, Florida, USA, 33186","+1-786-430-5959","https://www.ubereats.com/store/patacon-pisao/4wbQyCkSRUqg2thMFFiAYQ?diningMode=PICKUP&utm_campaign=CM2508147-search-free-nonbrand-google-pas_e_all_acq_Global&utm_medium=search-free-nonbrand&utm_source=google-pas","https://www.happycow.net/reviews/patacon-pisao-miami-449975","","ChIJ5Xybc4PB2YgR7nFoJpUSzEY","13630 SW 120th St, Miami, FL 33186, USA","25.6529036","-80.4150212","OPERATIONAL","http://www.pataconpisao.us/","Patacon Pisao"
"Raw Chef Carla","Miami","Miami / Dade County","Vegan","Open","6900 Bay Dr, Miami, Florida, USA, 33141","+1-828-505-6203","http://www.rawchefcarla.com/","https://www.happycow.net/reviews/raw-chef-carla-miami-363695","17","ChIJV5mthN-x2YgRIQ5zMw7nufo","7316 NE 2nd Ave, Miami, FL 33138, USA","25.842430699999998","-80.19291659999999","OPERATIONAL","https://www.theplantisserie.com/","The Plantisserie"
"Sweet Chemistry Baking Co","Miami","Miami / Dade County","Vegan","Open","2400 SW 3rd Ave , Miami, Florida, USA, 33129","+1-786-200-6717","http://sweetchemistrybc.com/","https://www.happycow.net/reviews/sweet-chemistry-baking-co-miami-205098","12","ChIJeVJykL_B2YgRMavCkv8oRBo","12301 SW 128th Ct #105-B, Miami, FL 33186, USA","25.653545599999998","-80.40180099999999","OPERATIONAL","https://sweetlifecakesupply.com/","Sweet Life Cake and Candy Supply"
"360 Bowls","Miami","Miami / Dade County","Vegan","Open","100 S Biscayne Blvd, Miami, Florida, USA, 33131","+1-786-816-2724","https://leafletjs.com/","https://www.happycow.net/reviews/360-bowls-miami-251808","1","ChIJV1SegMi32YgRUhenp30zuKY","1900 NE Miami Ct, Miami, FL 33132, USA","25.795136","-80.194295","OPERATIONAL","","360 Bowls"
"Ben & Jerry's","Miami","Miami / Dade County","Vegan","Open","1723 E Hallandale Blvd, Miami, Florida, USA, 33009","+1-786-763-2697","https://www.benjerry.com/","https://www.happycow.net/reviews/ben-and-jerrys-miami-195561","3","ChIJd4iRb52s2YgRTyO6ud3idMo","1723 E Hallandale Beach Blvd, Hallandale Beach, FL 33009, USA","25.986933099999998","-80.130589","OPERATIONAL","https://www.benjerry.com/hallandalebeach","Ben & Jerry’s"
"Cielito Artisan Pops","Miami","Miami / Dade County","Vegan","Open","2750 NW 3rd Ave Ste 20a, Miami, Florida, USA, 33127","+1-305-397-7392","https://cielitoartisanpops.com/ice-pops","https://www.happycow.net/reviews/cielito-artisan-pops-miami-216214","1","ChIJ8x0g47K22YgRoz5GVT6eFi4","2750 NW 3rd Ave Ste 20A, Miami, FL 33127, USA","25.8023579","-80.2012762","OPERATIONAL","http://cielitoartisanpops.com/","Cielito Artisan Pops"
"Coffee Break House","Miami","Miami / Dade County","Vegan","Open","7251 Biscayne Blvd, Miami, Florida, USA, 33138","+1-786-391-2073","https://leafletjs.com/","https://www.happycow.net/reviews/coffee-break-house-miami-445194","","ChIJmZgjbGuz2YgR_QLqF_6GGAk","7251 Biscayne Blvd, Miami, FL 33138, USA","25.841839099999998","-80.1841718","OPERATIONAL","","Coffee Break House"
"Dasher & Crank","Miami","Miami / Dade County","Vegan","Open","2211 Northwest 2nd Ave, Miami, Florida, USA, 33127","+1-305-213-1569","http://dasherandcrank.com/","https://www.happycow.net/reviews/dasher-crank-miami-188918","20","ChIJ-XTD_rG22YgRgumtfSwo070","2211 NW 2nd Ave, Miami, FL 33127, USA","25.7981523","-80.1987881","OPERATIONAL","http://dasherandcrank.com/","Dasher & Crank / Matcha Café"
"Dreamy Desserts","Miami","Miami / Dade County","Vegan","Open","9618 Fontainebleau Blvd, Miami, Florida, USA, 33172","+1-786-485-4969","https://www.ubereats.com/store/dreamy-desserts-9618-fontainebleau-boulevard/9bsdy9y8VACR-TR8eV3DWw","https://www.happycow.net/reviews/dreamy-desserts-miami-508212","1","ChIJ_8-QgOW52YgRgG0bsw9v7O0","9618 Fontainebleau Blvd, Miami, FL 33172, USA","25.774690999999997","-80.35058470000001","OPERATIONAL","","Dreamy Desserts"
"Hoja Taqueria","Miami Beach","Miami / Dade County","Vegan","Open","3120 Collins Ave (at Generator Hotel), Miami Beach, Florida, USA, 33140","+1-786-496-5739","https://www.hojataqueria.com/","https://www.happycow.net/reviews/hoja-taqueria-miami-beach-395487","4","ChIJPTPFX4Cz2YgRlZ_epC3aQ-U","3120 Collins Ave, Miami Beach, FL 33140, USA","25.807028499999998","-80.124343","OPERATIONAL","https://www.pikiotaco.com/miami","Pikio Taco"
"La Sandwicherie","Miami Beach","Miami / Dade County","Vegan","Open","7349 Collins Ave, Miami Beach, Florida, USA, 33141","+1-305-763-8278","http://www.lasandwicherie.com/","https://www.happycow.net/reviews/la-sandwicherie-miami-beach-347526","5","ChIJedi-Opu02YgR0PykdvjE_N4","229 14th St, Miami Beach, FL 33139, USA","25.7855384","-80.13141069999999","OPERATIONAL","http://www.lasandwicherie.com/","La Sandwicherie Miami Beach"
"Lido Restaurant and Bayside Grill","Miami Beach","Miami / Dade County","Vegan","Open","40 Island Ave, Miami Beach, Florida, USA, 33139","+1-786-245-0880","http://www.lidobayside.com/","https://www.happycow.net/reviews/lido-restaurant-and-bayside-grill-miami-beach-26660","11","ChIJi3iJenu02YgRZ_CX33n3ev4","40 Island Ave, Miami Beach, FL 33139, USA","25.7927696","-80.14934","OPERATIONAL","https://www.lidobayside.com/?utm_source=google&utm_campaign=google_my_business&utm_medium=organic","Lido Bayside"
"Lolo's Surf Cantina","Miami Beach","Miami / Dade County","Vegan","Open","161 Ocean Dr, Miami Beach, Florida, USA, 33139","+1-305-735-6973","http://loloscantina.com/","https://www.happycow.net/reviews/lolos-surf-cantina-miami-beach-88168","4","ChIJD0iM-PG02YgRfW1_m0Ofeo4","161 Ocean Dr, Miami Beach, FL 33139, USA","25.7705846","-80.1323535","OPERATIONAL","https://loloscantina.com/","Lolo's Surf Cantina"
"Lucali","Miami Beach","Miami / Dade County","Vegan","Open","1930 Bay Rd, Miami Beach, Florida, USA, 33139","+1-305-695-4441","https://www.ubereats.com/store/lucali/WE9qWhSmRKmheE4H0oKc4Q?utm_campaign=place-action-link&utm_medium=organic&utm_source=google","https://www.happycow.net/reviews/lucali-miami-beach-384452","1","ChIJIy4_DH602YgR9uAs77xeB7s","1930 Bay Rd, Miami Beach, FL 33139, USA","25.7952118","-80.1439986","OPERATIONAL","https://www.lucali.com/","Lucali"
"Oh Mexico","Miami Beach","Miami / Dade County","Vegan","Open","1440 Washington Ave, Miami Beach, Florida, USA, 33139","+1-305-532-0490","https://www.ohmexicorestaurant.com/","https://www.happycow.net/reviews/oh-mexico-miami-beach-263622","4","ChIJxYma4Y-02YgRB_JPvk8BMro","1440 Washington Ave, Miami Beach, FL 33139, USA","25.786786799999998","-80.1319726","OPERATIONAL","https://www.ohmexicorestaurant.com/espanola-way/","Oh! Mexico"
"Pizza De Miami 2","Miami Beach","Miami / Dade County","Vegan","Open","1447 Washington Ave, Miami Beach, Florida, USA, 33139","+1-305-397-8452","http://pizza-de-miami.com/","https://www.happycow.net/reviews/pizza-de-miami-two-miami-beach-420517","4","ChIJe0AZHpC02YgR8LZxblAwHoo","1447 Washington Ave, Miami Beach, FL 33139, USA","25.787170999999997","-80.13156339999999","OPERATIONAL","http://www.pizza-de-miami.com/","Pizza De Miami 2"
"Sawadee Thai","Miami Beach","Miami / Dade County","Vegan","Open","6968 Bay Dr E (at 71st St), Miami Beach, Florida, USA, 33141","+1-305-866-8111","https://sawaddeethaitogo.com/","https://www.happycow.net/reviews/sawadee-thai-miami-beach-30782","6","ChIJkffbtuWy2YgRR7uRD3w5eRk","6968 Bay Dr, Miami Beach, FL 33141, USA","25.855444","-80.1278269","OPERATIONAL","http://sawaddeethaisushi.com/","Sawaddee Thai & Sushi Restaurant"
"Smart Bowls","Miami Beach","Miami / Dade County","Vegan","Open","955 Alton Rd, No 031 (at Alton Food Hall), Miami Beach, Florida, USA, 33139","+1-305-946-9959","https://smart-bowls-miami-beach.business.site/","https://www.happycow.net/reviews/smart-bowls-miami-beach-352925","","ChIJ8Tl-qVy32YgRJAI-0zioSMQ","542 NW 30th St, Miami, FL 33127, USA","25.804411500000004","-80.2043636","OPERATIONAL","https://smartbowls.square.site/","Smart Bowls Miami"
"Spris Artisan Pizza","Miami Beach","Miami / Dade County","Vegan","Open","731 Lincoln Rd, Miami Beach, Florida, USA, 33139","+1-305-673-2020","http://sprispizza.com/","https://www.happycow.net/reviews/spris-artisan-pizza-miami-beach-370948","9","ChIJ3zArz4W02YgR_LiQZoNAKrk","731 Lincoln Rd, Miami Beach, FL 33139, USA","25.7907315","-80.13620329999999","OPERATIONAL","https://www.sprispizza.com/","Spris Artisan Pizza - Lincoln Road"
"Sweet Liberty","Miami Beach","Miami / Dade County","Vegan","Open","237 B 20th St, Miami Beach, Florida, USA, 33139","+1-305-763-8217","https://www.mysweetliberty.com/","https://www.happycow.net/reviews/sweet-liberty-miami-beach-327484","4","ChIJE1-f5Jy02YgR33kYRknZfSY","237 20th St Ste b, Miami Beach, FL 33139, USA","25.7960364","-80.1299925","OPERATIONAL","https://www.mysweetliberty.com/","Sweet Liberty Drinks & Supply Company"
"Taquiza","Miami Beach","Miami / Dade County","Vegan","Open","7450 Ocean Terrace (at in The Broadmore), Miami Beach, Florida, USA, 33141","+1-786-588-4755","https://www.taquizatacos.com/","https://www.happycow.net/reviews/taquiza-miami-beach-261533","4","ChIJVVVlfsKy2YgRv3IFzm4jghw","7450 Ocean Ter, Miami Beach, FL 33141, USA","25.860459","-80.1200764","OPERATIONAL","https://www.taquizatacos.com/","Taquiza Tacos (North Beach)"
"Thai House","Miami Beach","Miami / Dade County","Vegan","Open","1137 Washington Ave, Miami Beach, Florida, USA, 33139","+1-305-531-4841","https://www.thaihousesouthbeach.com/","https://www.happycow.net/reviews/house-of-thai-miami-beach-43128","16","ChIJT_Fr2qK12YgRvDt5hErLpt4","1137 Washington Ave, Miami Beach, FL 33139, USA","25.7825984","-80.1321998","OPERATIONAL","http://www.thaihousesouthbeach.com/","Thai House South Beach"
"The Front Porch Cafe","Miami Beach","Miami / Dade County","Vegan","Open","918 Ocean Drive, Miami Beach, Florida, USA, 33139","+1-305-531-8300","http://www.frontporchoceandrive.com/","https://www.happycow.net/reviews/the-front-porch-cafe-miami-beach-189829","7","ChIJZ6hVRJC02YgRfJEJhvJda7o","918 Ocean Dr, Miami Beach, FL 33139, USA","25.7796189","-80.13112799999999","OPERATIONAL","http://www.frontporchoceandrive.com/","Front Porch Cafe"
"The Sandbox","Miami Beach","Miami / Dade County","Vegan","Open","2341 Collins Ave (at 1 Hotel South Beach), Miami Beach, Florida, USA, 33139","+1-305-604-1000","https://www.1hotels.com/south-beach/taste/the-sandbox","https://www.happycow.net/reviews/the-sandbox-miami-beach-508745","5","ChIJ2yQzjJ202YgRhu1BdoGtkDI","2341 Collins Ave 3rd Floor, Miami Beach, FL 33139, USA","25.7990924","-80.1266605","OPERATIONAL","https://www.1hotels.com/south-beach/taste/the-sandbox?utm_source=google-gbp&utm_medium=organic&utm_campaign=gbp","The Sandbox"
"WATR","Miami Beach","Miami / Dade County","Vegan","Open","2341 Collins Ave (at 1 Hotel South Beach), Miami Beach, Florida, USA, 33139","+1-305-604-6511","https://www.1hotels.com/south-beach/taste/watr-at-the-rooftop","https://www.happycow.net/reviews/watr-miami-beach-398854","2","ChIJaXDYCGKz2YgRZcbuI00YQuY","2341 Collins Ave Floor 18, Miami Beach, FL 33139, USA","25.7995901","-80.1268576","OPERATIONAL","https://www.1hotels.com/south-beach/taste/watr-at-the-rooftop?utm_source=google-gbp&utm_medium=organic&utm_campaign=gbp","Watr at the 1 Rooftop"
"Courtney's Cookies","Coral Gables","Miami / Dade County","Vegan","Open","955 Alton Rd, Coral Gables, Florida, USA, 33139","+1-330-881-4676","https://www.courtneyscookies.com/","https://www.happycow.net/reviews/courtneys-cookies-coral-gables-174956","7","","","","","","",""
"Bombay Darbar","Miami","Miami / Dade County","Vegan","Open","2901 Florida Ave, Miami, Florida, USA, 33133","+1-305-444-7272","https://www.bombaydarbar.com/","https://www.happycow.net/reviews/bombay-darbar-miami-243772","7","ChIJv4vocsW32YgRPxw8nJd0kM4","2901 Florida Ave, Miami, FL 33133, USA","25.729253099999998","-80.24103149999999","OPERATIONAL","https://www.bombaydarbar.com/","Bombay Darbar"
"Cafe La Trova","Miami","Miami / Dade County","Vegan","Open","971 SW 8th St, Miami, Florida, USA, 33130","+1-786-615-4379","https://www.doordash.com/store/cafe-la-trova-miami-25002259/?utm_campaign=gpa","https://www.happycow.net/reviews/cafe-la-trova-miami-405705","9","ChIJZzgtHTW32YgR-k9p8IqD5m0","971 SW 8th St, Miami, FL 33130, USA","25.7660827","-80.2104785","OPERATIONAL","https://www.cafelatrova.com/","Cafe La Trova"
"Cantina La Veinte","Miami","Miami / Dade County","Vegan","Open","495 Brickell Ave, Miami, Florida, USA, 33131","+1-786-623-6135","https://cantinala20.com/","https://www.happycow.net/reviews/cantina-la-veinte-miami-390897","1","ChIJ9eKQtIK22YgR2mKvRBAuvI8","495 Brickell Ave, Miami, FL 33131, USA","25.768460599999997","-80.18836449999999","OPERATIONAL","http://www.cantinala20.com/","Cantina La Veinte"
"Coyo Taco","Miami","Miami / Dade County","Vegan","Open","2300 NW 2nd Ave, Miami, Florida, USA, 33127","+1-305-573-8228","http://www.coyo-taco.com/","https://www.happycow.net/reviews/coyo-taco-miami-190122","5","ChIJtSypDbK22YgR6uBJ6auYetw","2320 NW 2nd Ave, Miami, FL 33127, USA","25.7997762","-80.19939029999999","OPERATIONAL","https://rebrand.ly/coyo-taco","Coyo Taco"
"D'Oro","Miami","Miami / Dade County","Vegan","Open","267 E Flagler St, Miami, Florida, USA, 33131","+1-786-787-2378","https://www.doropizzabar.com/","https://www.happycow.net/reviews/doro-miami-268360","1","ChIJMUs7Cp622YgRIiK1CPiXjYc","17 NE 3rd Ave, Miami, FL 33131, USA","25.7747186","-80.1884714","OPERATIONAL","http://www.dorocaffe.com/","D'Oro Caffe"
"Delight of Beirut","Miami","Miami / Dade County","Vegan","Open","1223 W Flagler St, Miami, Florida, USA, 33135","+1-305-603-7745","https://delightsofbeirut.com/","https://www.happycow.net/reviews/delight-of-beirut-miami-428014","9","ChIJC5-zTgDH2YgRsxQ2_yJ2TpA","6907 S Red Rd, Coral Gables, FL 33143, USA","25.7049429","-80.2852517","OPERATIONAL","https://www.delightsofbeirut.com/","Delights of Beirut"
"Doral Thai","Miami","Miami / Dade County","Vegan","Open","2613 NW 79th Ave, Miami, Florida, USA, 33122","+1-305-418-8311","http://www.doralthai.com/","https://www.happycow.net/reviews/doral-thai-miami-221628","3","ChIJY5AY0zG52YgRnVuXuAdXmbg","2613 NW 79th Ave, Miami, FL 33122, USA","25.798059199999997","-80.32460600000002","OPERATIONAL","http://www.doralthai.com/","Doral Thai Restaurant"
"Doya","Miami","Miami / Dade County","Vegan","Open","347 NW 24th St, Miami, Florida, USA, 33127","+1-305-501-2848","https://www.doyarestaurant.com/","https://www.happycow.net/reviews/doya-miami-266435","10","ChIJgf9eP_m32YgRHv6mVX9npl0","347 NW 24th St, Miami, FL 33127, USA","25.800235999999998","-80.201449","OPERATIONAL","https://www.doyarestaurant.com/","Doya"
"Dr Limon Ceviche Bar","Miami","Miami / Dade County","Vegan","Open","10544 SW 8th St, Miami, Florida, USA, 33174","+1-305-228-9198","https://www.ubereats.com/store/dr-limon-ceviche-bar-fiu-miami-fl/XEWme3veRNiV3XnHU1SPAw?utm_campaign=CM2508147-search-free-nonbrand-google-pas_e_all_acq_Global&utm_medium=search-free-nonbrand&utm_source=google-pas","https://www.happycow.net/reviews/dr-limon-ceviche-bar-miami-492108","1","ChIJnb0q1Sul2YgRJW3t3ykvr7I","7341 Miami Lakes Dr, Miami Lakes, FL 33014, USA","25.911707999999997","-80.3185062","OPERATIONAL","http://www.drlimonmiamilakes.com/","Dr. Limon Ceviche Bar - Miami Lakes"
"Earls Kitchen + Bar","Miami","Miami / Dade County","Vegan","Open","150 NE 8th St Suite F-136, Miami, Florida, USA, 33132","+1-645-202-1488","https://www.ubereats.com/store/earls-miami-worldcenter/jeHguRsGWFmToe4dKNn3Qw","https://www.happycow.net/reviews/earls-kitchen-bar-miami-505700","1","ChIJI8Yp8eG32YgRRe4dDEEpURQ","150 NE 8th St Ste F-136, Miami, FL 33132, USA","25.7809761","-80.1911417","OPERATIONAL","https://www.earls.ca/locations/miami-worldcenter","Earls Kitchen + Bar"
"El Basha Grocery and Deli","Miami","Miami / Dade County","Vegan","Open","5821 SW 137 Ave, Miami, Florida, USA, 33175","+1-305-383-1367","https://leafletjs.com/","https://www.happycow.net/reviews/el-basha-grocery-and-deli-miami-42883","4","ChIJc-hTSWPA2YgRtVZQn-iZZPs","5821 SW 137th Ave, Miami, FL 33183, USA","25.712791","-80.4142203","OPERATIONAL","","Al Basha"
"El Cristo Restaurant","Miami","Miami / Dade County","Vegan","Open","1543 SW 8th St., Miami, Florida, USA, 33135","+1-305-643-9992","http://www.elcristorestaurant.com/","https://www.happycow.net/reviews/el-cristo-restaurant-miami-462408","1","ChIJIUBro_C22YgRHcjpkCYaPss","1543 SW 8th St, Miami, FL 33135, USA","25.765895999999998","-80.220381","OPERATIONAL","https://www.elcristorestaurant.com/menu","El Cristo Restaurant"
"Faraon Restaurant","Miami","Miami / Dade County","Vegan","Open","7369 NW 36th St (at West Airport Centre), Miami, Florida, USA, 33166","+1-786-495-4166","https://www.faraonmiami.com/","https://www.happycow.net/reviews/faraon-restaurant-miami-334019","2","ChIJN4lI5bi52YgRT3bT3yGHN7U","7369 NW 36th St, Miami, FL 33166, USA","25.810318","-80.3160667","OPERATIONAL","https://faraondoral.com/","Faraon Restaurant"
"Fradiavolo Pizza","Miami","Miami / Dade County","Vegan","Open","281 NW 28th St, Miami, Florida, USA, 33127","+1-786-507-5135","https://www.ubereats.com/store/fradiavolo-nw-28th-st/1LoYoJEkSOuZ6C8KeKiDpw","https://www.happycow.net/reviews/fradiavolo-pizza-miami-497609","1","ChIJ3ygiXwC32YgRDf_t5FjBBUw","281 NW 28th St, Miami, FL 33127, USA","25.8031318","-80.2008482","OPERATIONAL","https://fradiavolopizzeria.com/miami","Fradiavolo Pizza"
"Minuet Cakes","Miami","Miami / Dade County","Vegan","Open","1401 NE 191st St, Miami, Florida, USA, 33179","+1-786-780-3457","https://minuetcakes.com/","https://www.happycow.net/reviews/minuet-cakes-miami-487165","4","","","","","","",""
"LUSH","Miami","Miami / Dade County","Vegan","Open","7535 Dadeland Mall, Miami, Florida, USA","+1-305-662-4194","https://d1mvj2ulps5lli.cloudfront.net/venues/1024/30/61/chain30_61_1528753431.jpeg","https://www.happycow.net/reviews/lush-miami-227097","","ChIJOcrOn6TH2YgRAReAy4qo37c","7535 Dadeland Mall Cir W Ste 1720A, Miami, FL 33156, USA","25.6902597","-80.31242569999999","OPERATIONAL","https://www.lush.com/us/en_us/?y_source=1_ODM2OTMwMC03MTUtbG9jYXRpb24ud2Vic2l0ZQ%3D%3D","Lush Cosmetics Dadeland Mall"
"Made in Italy","Miami","Miami / Dade County","Vegan","Open","2805 NE 2nd Ave, Miami, Florida, USA","+1-305-896-3693","https://www.kyoo.tech/order/merchants/67BT7W1YFGF9B/locations/NW89WFR5H5441","https://www.happycow.net/reviews/made-in-italy-miami-391833","1","ChIJx6KLEQC12YgRg8hSNo31LUY","1599 N Bayshore Dr, Miami, FL 33132, USA","25.790417700000003","-80.1868291","OPERATIONAL","","Made in italy"
"Dub N Grub","Miami Gardens","Miami / Dade County","Vegan","Open","486 NE 167th St, Miami Gardens, Florida, USA, 33162","+1-786-403-9850","https://www.dubandgrub.com/","https://www.happycow.net/reviews/dub-n-grub-miami-gardens-229674","15","ChIJNdlxPISv2YgREGmmR775H18","Suit 5 inside treelion, 18400 NW 2nd Ave, Miami Gardens, FL 33169, USA","25.9443208","-80.20611780000002","OPERATIONAL","https://order.toasttab.com/online/dub-n-grub","DUB N GRUB| PLANT-BASED"
"1000 Degrees","North Miami Beach","Miami / Dade County","Vegan","Open","14821 Biscayne Blvd, North Miami Beach, Florida, USA, 33181","+1-305-944-5050","https://www.1000degreespizza.com/","https://www.happycow.net/reviews/1000-degrees-north-miami-beach-302984","2","ChIJ7eKZzJCt2YgRwixVFxgUVwQ","14821 Biscayne Blvd, North Miami Beach, FL 33181, USA","25.912705","-80.155698","OPERATIONAL","https://1000degreespizza.com/northmiamibeach?utm_source=google","1000 Degrees Pizza - North Miami Beach, FL"
"Mister Mango","North Miami Beach","Miami / Dade County","Vegan","Open","3546 Buena Vista Blvd, North Miami Beach, Florida, USA, 33137","+1-786-961-0214","https://leafletjs.com/","https://www.happycow.net/reviews/mister-mango-north-miami-beach-131094","11","ChIJE3sh-Lyx2YgR5VwhkZo9L5E","NE 36 St@NE, NE 1st Ave, Miami, FL 33137, USA","25.810341599999997","-80.1933224","OPERATIONAL","http://mistermango1.com/","Mister Mango"
"Serious Dumplings","North Miami","Miami / Dade County","Vegan","Open","13200 Biscayne Blvd (at Shoppes at Arch Creek), North Miami, Florida, USA, 33181","+1-305-603-8938","http://seriousdumplingsusa.com/","https://www.happycow.net/reviews/serious-dumplings-north-miami-343999","","ChIJ_eBQKPyt2YgRRuVW_6ixYOU","13200 Biscayne Blvd, North Miami, FL 33181, USA","25.8969353","-80.1624652","OPERATIONAL","https://seriousdumplingsusa.com/","Serious Sanji | Dumpling & Dim Sum & Bubble Tea"
"Doc B's","Coral Gables","Miami / Dade County","Vegan","Open","301 Miracle Mile, Coral Gables, Florida, USA, 33134","+1-786-864-1220","https://www.docbsrestaurant.com/","https://www.happycow.net/reviews/doc-bs-coral-gables-459165","","ChIJ__8Dp5C32YgRd4E6f-zoXM4","301 Miracle Mile, Coral Gables, FL 33134, USA","25.7496233","-80.26085669999999","OPERATIONAL","https://docbsrestaurant.com/locations/coral-gables","Doc B's Restaurant"
"Ichimi","Coral Gables","Miami / Dade County","Vegan","Open","2330 Salzedo Street, Coral Gables, Florida, USA, 33134","+1-305-960-7016","https://www.ubereats.com/store/ichimi-coral-gables/IDBYK6QCRv66KGU8z2p7RA?diningMode=DELIVERY&pl=JTdCJTIyYWRkcmVzcyUyMiUzQSUyMlBPUyUyMFNvbHV0aW9ucyUyMiUyQyUyMnJlZmVyZW5jZSUyMiUzQSUyMkNoSUpoUTdkRWJKdTFtb1JXbzFndjllSUlMYyUyMiUyQyUyMnJlZmVyZW5jZVR5cGUlMjIlM0ElMjJnb29nbGVfcGxhY2VzJTIyJTJDJTIybGF0aXR1ZGUlMjIlM0EtMzcuOTkwMjI4NiUyQyUyMmxvbmdpdHVkZSUyMiUzQTE0NS4xNTIzNjc5JTdE&utm_campaign=place-action-link&utm_medium=organic&utm_source=google","https://www.happycow.net/reviews/ichimi-coral-gables-396471","3","ChIJ_f-hCZq32YgRP_Wvr_wb0pY","2330 Salzedo St, Coral Gables, FL 33134, USA","25.750071799999997","-80.2609253","OPERATIONAL","https://ichimiramenbar.com/?utm_source=google","Ichimi (Coral Gables)"
"Bombay Darbar","Fort Lauderdale","Broward County","Vegan","Open","1521 E Las Olas Blvd, Fort Lauderdale, Florida, USA, 33301","+1-954-990-7222","https://www.bombaydarbar.com/","https://www.happycow.net/reviews/bombay-darbar-fort-lauderdale-225568","8","ChIJ6TrbL_AB2YgR4H1jUqdKRZM","1521 E Las Olas Blvd, Fort Lauderdale, FL 33301, USA","26.1194718","-80.1276651","OPERATIONAL","https://www.bombaydarbar.com/","Bombay Darbar Indian Restaurant"
"Casa Playa","Fort Lauderdale","Broward County","Vegan","Open","401 N Birch Rd, Fort Lauderdale, Florida, USA, 33304","+1-954-376-5512","https://casaplaya.com/","https://www.happycow.net/reviews/casa-playa-fort-lauderdale-449955","3","ChIJLQaFTwAB2YgRnfsBte0H0Vs","401 N Birch Rd Cu-1, Fort Lauderdale, FL 33304, USA","26.1281383","-80.10619170000001","OPERATIONAL","http://www.casaplaya.com/","Casa Playa"
"Casablanca Cafe","Fort Lauderdale","Broward County","Vegan","Open","3049 Alhambra St, Fort Lauderdale, Florida, USA, 33304","+1-954-764-3500","https://www.casablancacafeonline.com/","https://www.happycow.net/reviews/casablanca-cafe-fort-lauderdale-369116","3","ChIJF4DsqywA2YgR7CYjC65wVKM","3049 Alhambra St, Fort Lauderdale, FL 33304, USA","26.125203799999998","-80.10406019999999","OPERATIONAL","https://casablancacafeonline.com/","Casablanca Cafe"
"Dumpling Panda","Fort Lauderdale","Broward County","Vegan","Open","1824 Cordova Rd, Fort Lauderdale, Florida, USA, 33316","+1-754-200-4316","https://dumplingpanda.com/","https://www.happycow.net/reviews/dumpling-panda-fort-lauderdale-448695","4","ChIJc2QEMQAB2YgR-weFm_MolQo","1824 Cordova Rd, Fort Lauderdale, FL 33316, USA","26.0984339","-80.1290609","OPERATIONAL","http://www.dumplingpanda.com/","Dumpling Panda - Fort Lauderdale"
"Earl's Kitchen + Bar","Fort Lauderdale","Broward County","Vegan","Open","1002 E Las Olas Blvd, Fort Lauderdale, Florida, USA, 33301","+1-754-289-1997","https://www.ubereats.com/store/earls-kitchen-%2B-bar-las-olas/EffNq_qiXSSNf-zYSTKkuw?utm_campaign=CM2508147-search-free-nonbrand-google-pas_e_all_acq_Global&utm_medium=search-free-nonbrand&utm_source=google-pas","https://www.happycow.net/reviews/earls-kitchen-bar-fort-lauderdale-492814","1","ChIJ44sC7V4B2YgRY7AoBR2t48I","1002 E Las Olas Blvd, Fort Lauderdale, FL 33301, USA","26.1190484","-80.1331331","OPERATIONAL","https://www.earls.ca/locations/las-olas/","Earls Kitchen + Bar"
"Eatapas","Fort Lauderdale","Broward County","Vegan","Open","4140 N Federal Hwy, Fort Lauderdale, Florida, USA, 33308","+1-754-779-7554","https://www.eatapasfl.com/","https://www.happycow.net/reviews/eatapas-fort-lauderdale-264435","6","ChIJCT5hR0gD2YgRb5joVHgFy9c","4140 N Federal Hwy, Fort Lauderdale, FL 33308, USA","26.1791631","-80.1191077","OPERATIONAL","https://www.eatapasfl.com/","Eatapas"
"Gourmet Garden Cafe & Juices","Fort Lauderdale","Broward County","Vegan","Open","6139 N Federal Hwy, Fort Lauderdale, Florida, USA, 33308","+1-954-626-0452","http://www.gourmetgardencafe.com/","https://www.happycow.net/reviews/gourmet-garden-cafe-and-juices-fort-lauderdale-66965","6","ChIJd12U3XEC2YgRh9XT6WIMLyA","6139 N Federal Hwy, Fort Lauderdale, FL 33308, USA","26.2031174","-80.1094428","OPERATIONAL","http://www.gourmetgardencafe.com/","Gourmet Garden Cafe & Juices"
"IT Italy","Fort Lauderdale","Broward County","Vegan","Open","500 E Las Olas Blvd Ste 200, Fort Lauderdale, Florida, USA, 33301","+1-954-871-2113","http://www.ititaly.us/","https://www.happycow.net/reviews/it-italy-fort-lauderdale-200753","7","ChIJBxcPeLwB2YgRBVlc2Uc4gwc","500 E Las Olas Blvd #200, Fort Lauderdale, FL 33301, USA","26.1189309","-80.1379213","OPERATIONAL","http://www.ititaly.us/","IT! Italy Ristorante & Cafe & Bar"
"Jerk Machine","Fort Lauderdale","Broward County","Vegan","Open","317 SW 6th St, Fort Lauderdale, Florida, USA, 33315","+1-954-440-4556","http://www.jerkmachine.com/","https://www.happycow.net/reviews/jerk-machine-fort-lauderdale-120047","5","","","","","","",""
"Juice Bar & Cafe","Fort Lauderdale","Broward County","Vegan","Open","924 N Flagler Dr, Fort Lauderdale, Florida, USA, 33304","+1-954-368-2718","http://www.jbcflorida.com/","https://www.happycow.net/reviews/juice-bar-and-cafe-fort-lauderdale-112955","2","ChIJq6q6EakB2YgRp0I6bYbhTQU","924 N Flagler Dr, Fort Lauderdale, FL 33304, USA","26.1358601","-80.1391752","OPERATIONAL","http://www.jbcflorida.com/","JB&C Juice Bar & Cafe"
"KUBO","Fort Lauderdale","Broward County","Vegan","Open","745 SE 17th St, Fort Lauderdale, Florida, USA, 33316","+1-954-533-9017","https://www.kuboasianstreetfood.com/","https://www.happycow.net/reviews/kubo-fort-lauderdale-370435","2","ChIJR3pf5GYA2YgRbOBze5iWwI8","745 SE 17th St, Fort Lauderdale, FL 33316, USA","26.1009071","-80.1354602","OPERATIONAL","https://www.kuboasianstreetfood.com/","KUBO Asian fusion and bar -Ft. lauderdale"
"Living Green Cafe","Fort Lauderdale","Broward County","Vegan","Open","1489A SE 17th St (at Southport Shopping Cente), Fort Lauderdale, Florida, USA, 33316","","https://livinggreencafe.com/","https://www.happycow.net/reviews/living-green-cafe-fort-lauderdale-347458","13","ChIJ4WcpS9kB2YgRlyKh1Lv1jIQ","1489 SE 17th St, Fort Lauderdale, FL 33316, USA","26.101116599999997","-80.1283631","OPERATIONAL","https://www.livinggreencafe.com/l/lgd","Living Green Cafe - Fort Lauderdale 17 street"
"The Taco Joint","Hollywood","Broward County","Vegan","Open","1000 N Broadwalk Ste 1, Hollywood, Florida, USA, 33019","+1-954-866-3777","http://tacojointhollywood.com/","https://www.happycow.net/reviews/the-taco-joint-hollywood-119206","12","ChIJaUI4fDyr2YgREcWtEnlnzp0","1000 N Broadwalk #1, Hollywood, FL 33019, USA","26.0178776","-80.1154533","OPERATIONAL","https://thetacojoint.shop/","The Taco Joint"
"Ben & Jerry's","Hollywood","Broward County","Vegan","Open","1202 N Broadwalk, Hollywood, Florida, USA, 33019","+1-954-929-7085","https://www.benjerry.com/hollywoodbeach","https://www.happycow.net/reviews/ben-jerrys-hollywood-284603","1","ChIJt4vnoTyr2YgRzA8H5zVXcfQ","1202 N Broadwalk, Hollywood, FL 33019, USA","26.019758799999998","-80.1152791","OPERATIONAL","https://www.benjerry.com/hollywoodbeach","Ben & Jerry’s"
"The Skinny Dip","Hollywood","Broward County","Vegan","Open","3359 Sheridan St, Ste A (at Park Sheridan West Plaza), Hollywood, Florida, USA, 33021","+1-754-465-8586","https://ilovetheskinnydip.com/","https://www.happycow.net/reviews/the-skinny-dip-hollywood-391032","4","ChIJW9aNcaGr2YgRJBr5S9aJ8A8","3359A Sheridan St, Hollywood, FL 33021, USA","26.033322","-80.1769659","OPERATIONAL","https://instagram.com/theskinnydip.hollywood?igshid=OGQ5ZDc2ODk2ZA==","The Skinny Dip Frozen Yogurt Bar Hollywood"
"Eddie Hill's","Hallandale Beach","Broward County","Vegan","Open","134 N Federal Hwy, Hallandale Beach, Florida, USA, 33009","+1-954-454-0023","http://eddiehills.com/","https://www.happycow.net/reviews/eddie-hills-hallandale-beach-325848","2","ChIJfZtSHYCs2YgRNPpOxcbTQlc","134 N Federal Hwy, Hallandale Beach, FL 33009, USA","25.987718899999997","-80.1422004","OPERATIONAL","https://www.eddiehills.com/","Eddie Hills Sushi & Thai Restaurant"
"Piola","Hallandale Beach","Broward County","Vegan","Open","1703 East Hallandale Beach Blvd, Hallandale Beach, Florida, USA, 33009","+1-954-457-9394","https://www.piola.getsauce.com/hallandale-beach","https://www.happycow.net/reviews/piola-hallandale-beach-270000","16","ChIJWaOdb52s2YgRl5UlwNZXSas","1703 E Hallandale Beach Blvd, Hallandale Beach, FL 33009, USA","25.986904","-80.13145","OPERATIONAL","https://piolausa.com/locations-hallandale-beach-fl/","Piola Italian Restaurant Hallandale"
"WoodOne Ramen","Hallandale Beach","Broward County","Vegan","Open","800 E Hallandale Beach Blvd, Hallandale Beach, Florida, USA, 33009","+1-754-263-3084","https://leafletjs.com/","https://www.happycow.net/reviews/woodone-ramen-hallandale-beach-166586","7","ChIJBd643xOr2YgRcTOJzCFnZs8","800 E Hallandale Beach Blvd Ste 21, Hallandale Beach, FL 33009, USA","25.984884299999997","-80.139832","OPERATIONAL","https://www.woodoneramen.getsauce.com/?utm_source=GMB&utm_medium=Website%20button&utm_id=WoodOne%20Ramen","WoodOne Ramen"
"Zaatar","Hallandale Beach","Broward County","Vegan","Open","1021 W Hallandale Beach Blvd, Ste 104 (at Hallandale Beach Shops), Hallandale Beach, Florida, USA, 33009","+1-954-544-2014","https://zaatar.us/","https://www.happycow.net/reviews/zaatar-hallandale-beach-325755","","ChIJz-A29XSs2YgReMTYHRzC6zw","1021 W Hallandale Beach Blvd #104, Hallandale Beach, FL 33009, USA","25.9848662","-80.1625426","OPERATIONAL","http://zaatar.us/","Zaatar Shawarma Falafel Station"
"Phở Bar Vietnamese Kitchen","Davie","Broward County","Vegan","Open","6310 Griffin Rd (at Davie Rd), Davie, Florida, USA, 33314","+1-954-900-4909","http://phobar.co/","https://www.happycow.net/reviews/pho-bar-vietnamese-kitchen-davie-363709","4","ChIJ6S_Josqp2YgREUxSZkLHs4E","6310 Griffin Rd, Davie, FL 33314, USA","26.0646515","-80.2308219","OPERATIONAL","http://phobar.co/","Phở Bar Vietnamese Kitchen"
"Ye Olde Falcon Pub","Davie","Broward County","Vegan","Open","2867 S University Dr (at Shoppes of Rolling Hills), Davie, Florida, USA, 33328","+1-954-424-0300","http://www.yeoldefalconpub.com/","https://www.happycow.net/reviews/ye-olde-falcon-pub-davie-66054","4","ChIJmWjFDSGo2YgR2PE63jR4EoI","2867 S University Dr, Davie, FL 33328, USA","26.084913999999998","-80.2517474","OPERATIONAL","http://www.yeoldefalconpub.com/","Ye Olde Falcon Pub"
"Midnight Cookies & Cream","Davie","Broward County","Vegan","Open","4134 Davie Rd, Davie, Florida, USA, 33314","+1-954-530-0176","https://midnightcookiesandcream.com/location-davie-florida","https://www.happycow.net/reviews/midnight-cookies-cream-davie-280097","1","ChIJG6iZUByp2YgRvsHgIfB4IgM","4134 Davie Rd, Davie, FL 33314, USA","26.070573900000003","-80.2319677","OPERATIONAL","https://midnightcookiesandcream.com/location-davie-florida/?utm_source=daviekp","Midnight Cookies & Cream Davie"
"Friend's Market & Bistro","Miami","Miami / Dade County","Vegan","Open","31 SE 6th St, Miami, Florida, USA, 33131","+1-786-431-0981","http://www.friendsmarketbistro.com/","https://www.happycow.net/reviews/friends-market-bistro-miami-251374","1","ChIJiXoXS4O22YgRTp8yA_dw1-Q","31 SE 6th St, Miami, FL 33131, USA","25.768604800000002","-80.1918855","OPERATIONAL","https://friendsmarketbistro.com/","Friend's Market & Bistro"
"GoBistro","Miami","Miami / Dade County","Vegan","Open","315 Northwest 25th St, Miami, Florida, USA, 33127","","https://www.eatgoeats.com/","https://www.happycow.net/reviews/gobistro-miami-331374","4","ChIJ7WfMqpir2YgRlt5AoaSX0BM","2035 Hollywood Blvd, Hollywood, FL 33020, USA","26.0116782","-80.1484541","OPERATIONAL","https://eatgobistro.com/?utm_source=google","GoBistro"
"HotLime Tacos & Ceviche","Miami","Miami / Dade County","Vegan","Open","140 NE 39th St #241 (at Miami Design District), Miami, Florida, USA, 33137","+1-305-456-3070","https://www.hotlimekitchen.com/","https://www.happycow.net/reviews/hotlime-tacos-and-ceviche-miami-412517","1","ChIJt1pgD8mr2YgRqXTXxnlJO3c","140 NE 39th St #241, Miami, FL 33137, USA","25.8122458","-80.1914912","OPERATIONAL","https://www.hotlimekitchen.com/","HotLime Tacos & Ceviche"
"Ironside Kitchen","Miami","Miami / Dade County","Vegan","Open","7580 NE 4th Court, Miami, Florida, USA, 33138","+1-305-902-5016","https://www.pizzaironside.com/","https://www.happycow.net/reviews/ironside-kitchen-miami-92524","2","ChIJn821CH6x2YgRzHH9zkGHMoQ","7580 NE 4th Ct, Miami, FL 33138, USA","25.8449853","-80.18822560000001","OPERATIONAL","https://www.pizzaironside.com/","Ironside Pizza"
"Komodo","Miami","Miami / Dade County","Vegan","Open","801 Brickell Ave, Miami, Florida, USA, 33131","+1-305-534-2211","https://www.komodomiami.com/","https://www.happycow.net/reviews/komodo-miami-287990","4","ChIJd6C8AYO22YgRYuO-L2IUdDQ","801 Brickell Ave, Miami, FL 33131, USA","25.765616","-80.19006159999999","OPERATIONAL","https://komodomiami.com/","Komodo Miami"
"La Cañita","Miami","Miami / Dade County","Vegan","Open","401 Biscayne Blvd, Miami, Florida, USA, 33132","+1-305-392-0811","http://lacanitamiami.com/","https://www.happycow.net/reviews/la-canita-miami-348935","6","ChIJz4vF5NO32YgRmVL7Rp1apUI","Bayside Marketplace, 401 Biscayne Blvd #219N, Miami, FL 33132, USA","25.778754199999998","-80.1865873","OPERATIONAL","https://www.lacanitamiami.com/bayside/","La Cañita Bayside"
"La Sandwicherie","Miami","Miami / Dade County","Vegan","Open","34 SW 8th St, Miami, Florida, USA, 33130","+1-305-374-9852","http://www.lasandwicherie.com/","https://www.happycow.net/reviews/la-sandwicherie-miami-241587","","ChIJedi-Opu02YgR0PykdvjE_N4","229 14th St, Miami Beach, FL 33139, USA","25.7855384","-80.13141069999999","OPERATIONAL","http://www.lasandwicherie.com/","La Sandwicherie Miami Beach"
"Little Saigon","Miami","Miami / Dade County","Vegan","Open","16752 N Miami Ave, Miami, Florida, USA, 33169","+1-305-653-3377","https://leafletjs.com/","https://www.happycow.net/reviews/little-saigon-miami-451061","","ChIJeyEfam6u2YgRFnlZzpJzdyo","16752 N Miami Ave, North Miami Beach, FL 33169, USA","25.9285675","-80.2007471","OPERATIONAL","","Little Saigon"
"Lokal Burger and Beer","Miami","Miami / Dade County","Vegan","Open","3190 Commodore Plaza, Miami, Florida, USA, 33133","+1-305-442-3377","http://www.lokalmiami.com/","https://www.happycow.net/reviews/lokal-burger-and-beer-miami-65751","4","ChIJhV1hDsW32YgRNkvdmp8So4g","3190 Commodore Plaza, Miami, FL 33133, USA","25.7277661","-80.2450801","OPERATIONAL","https://www.kushhospitality.com/lokal","LoKal"
"SoCal Cantina","Miami","Miami / Dade County","Vegan","Open","1000 S Miami Ave, Miami, Florida, USA, 33130","+1-305-733-5349","https://www.ubereats.com/store/socal-cantina/j_uFHWk-X5ebhV9baJVsfw?diningMode=PICKUP&pl=JTdCJTIyYWRkcmVzcyUyMiUzQSUyMkpvaG4lMjBQLiUyMFJvYmFydHMlMjBSZXNlYXJjaCUyMExpYnJhcnklMjIlMkMlMjJyZWZlcmVuY2UlMjIlM0ElMjJiNWNhYmE3My0zM2EwLTMwNzktYWNmYy1jNjhlMzRiNjlmMWQlMjIlMkMlMjJyZWZlcmVuY2VUeXBlJTIyJTNBJTIydWJlcl9wbGFjZXMlMjIlMkMlMjJsYXRpdHVkZSUyMiUzQTQzLjY2NDQyMjIlMkMlMjJsb25naXR1ZGUlMjIlM0EtNzkuMzk5NDY3MSU3RA%3D%3D&utm_campaign=CM2508147-search-free-nonbrand-google-pas_e_all_acq_Global&utm_medium=search-free-nonbrand&utm_source=google-pas","https://www.happycow.net/reviews/socal-cantina-miami-452731","1","ChIJ-bvvDIS22YgReVOSdeVEtQM","1000 S Miami Ave, Miami, FL 33130, USA","25.7641974","-80.1934337","OPERATIONAL","https://www.socal-taco.com/","SoCal Tacos Co. & Cantina"
"Soul Fresh Juice & Fruit Bar","Miami","Miami / Dade County","Vegan","Open","124 NE Second Ave, Miami, Florida, USA, 33132","+1-786-615-9495","https://soulfresh.miami/","https://www.happycow.net/reviews/soul-fresh-juice-and-fruit-bar-miami-338929","8","ChIJWxdVip622YgRw1QMzb9Ckkw","124 NE 2nd Ave, Miami, FL 33132, USA","25.7757644","-80.1904472","OPERATIONAL","https://soulfresh.miami/","Soul Fresh Juice & Fruit Bar"
"SpecialTEA Lounge","Miami","Miami / Dade County","Vegan","Open","10766 SW 24th St (at Columbia Shopping Plaza), Miami, Florida, USA, 33165","+1-305-554-8327","http://www.specialtealounge.com/","https://www.happycow.net/reviews/specialtea-lounge-miami-107597","18","ChIJYVe9hDW_2YgRYqu1JMb1WBc","10766 Coral Wy, Miami, FL 33165, USA","25.7460934","-80.3690793","OPERATIONAL","http://www.specialtealounge.com/","specialTEA Lounge & Café"
"Spris Artisan Pizza","Miami","Miami / Dade County","Vegan","Open","3201 N Miami Ave, Unit 102, Miami, Florida, USA, 33127","+1-305-576-0999","https://www.sprispizza.com/location/spris-pizza-midtown","https://www.happycow.net/reviews/spris-artisan-pizza-miami-278079","2","ChIJEfKHolOx2YgRs-iau3WeLCE","3201 N Miami Ave #102, Miami, FL 33127, USA","25.807959999999998","-80.19399100000001","OPERATIONAL","https://www.sprispizza.com/","Spris Artisan Pizza - Midtown"
"Strange Beast","Miami","Miami / Dade County","Vegan","Open","15220 SW 72nd St, Miami, Florida, USA, 33193","+1-305-209-0406","https://leafletjs.com/","https://www.happycow.net/reviews/strange-beast-miami-204177","5","ChIJ14X9pwTB2YgRkNmTI-DXoHY","15220 SW 72nd St, Miami, FL 33193, USA","25.698916500000003","-80.43943949999999","OPERATIONAL","https://www.strangebeast.beer/","Strange Beast"
"Pizza D'Light","Miami","Miami / Dade County","Vegan","Open","1700 79th Street Cswy, Unit 170, North Bay Village, Miami, Florida, USA, 33141","+1-305-867-4055","https://www.pizzadlight.com/","https://www.happycow.net/reviews/pizza-dlight-miami-330094","1","ChIJSeZ1z1Sy2YgRXXeFguFMg8M","1700 79th Street Causeway #170, North Bay Village, FL 33141, USA","25.848502","-80.14965749999999","OPERATIONAL","http://www.pizzad.com/","Pizza D'Light"
"Sexy Fish","Miami","Miami / Dade County","Vegan","Open","1001 S Miami Ave, Miami, Florida, USA, 33130","+1-305-889-7888","https://sexyfishmiami.com/","https://www.happycow.net/reviews/sexy-fish-miami-322110","21","ChIJdfkR4PC32YgRgxEP4swq1oY","1001 S Miami Ave, Miami, FL 33130, USA","25.7643553","-80.1930205","OPERATIONAL","https://sexyfishmiami.com/?utm_source=LocalGoogleExtNet&utm_medium=Organic","Sexy Fish Miami"
"Tacology","Miami","Miami / Dade County","Vegan","Open","701 S Miami Ave (at Brickell City Centre), Miami, Florida, USA, 33130","+1-786-347-5368","https://tacology.us/","https://www.happycow.net/reviews/tacology-miami-379943","9","ChIJUVVlmoS22YgR3DGWQWT-7LQ","4th, Centre, 701 S Miami Ave, Miami, FL 33131, USA","25.766697800000003","-80.1935424","OPERATIONAL","https://tacology.us/","Tacology Brickell - Mexican Taqueria"
"The Taco Stand","Miami","Miami / Dade County","Vegan","Open","313 Northwest 25th Street, Miami, Florida, USA, 33127","+1-786-580-4948","https://www.letstaco.com/location/miami-wynwood","https://www.happycow.net/reviews/the-taco-stand-miami-487461","","ChIJEaa-UrK22YgRW9rJ9rGCnOY","313 NW 25th St, Miami, FL 33127, USA","25.800753","-80.2013211","OPERATIONAL","http://letstaco.com/","The Taco Stand"
"Uptown 66 Taqueria","Miami","Miami / Dade County","Vegan","Open","6600 Biscayne Blvd, Miami, Florida, USA, 33138","+1-305-960-7117","https://uptown66.miami/","https://www.happycow.net/reviews/uptown-66-taqueria-miami-281737","1","ChIJu7dZY3az2YgRY-utNPiGFuU","6600 Biscayne Blvd, Miami, FL 33138, USA","25.8368567","-80.1844648","OPERATIONAL","https://uptown66.miami/","Uptown 66"
"World Famous House of Mac","Miami","Miami / Dade County","Vegan","Open","1951 NW 7th Ave Suite 190, Miami, Florida, USA, 33136","+1-786-636-6967","http://www.houseofmac.com/","https://www.happycow.net/reviews/world-famous-house-of-mac-miami-156075","21","ChIJIxjun3m32YgRPaxVBeLRSEE","1951 NW 7th Ave Ste 190, Miami, FL 33136, USA","25.794739","-80.20684949999999","OPERATIONAL","https://houseofmac.com/","World Famous House of Mac"
"Mister Mango","Miami","Miami / Dade County","Vegan","Open","7795 West Flagler St, Miami, Florida, USA, 33144","+1-786-961-0214","http://mistermango1.com/","https://www.happycow.net/reviews/mister-mango-miami-449876","1","ChIJE3sh-Lyx2YgR5VwhkZo9L5E","NE 36 St@NE, NE 1st Ave, Miami, FL 33137, USA","25.810341599999997","-80.1933224","OPERATIONAL","http://mistermango1.com/","Mister Mango"
"Peek A Treat","Miami","Miami / Dade County","Vegan","Open","184 NE 50th Tce, Miami, Florida, USA, 33137","+1-754-217-0918","https://www.peekatreatbakery.com/","https://www.happycow.net/reviews/peek-a-treat-miami-461195","1","ChIJcxYbkf-x2YgRRETHHdCQ-9M","184 NE 50th Terrace, Miami, FL 33137, USA","25.8219912","-80.1921912","OPERATIONAL","http://peekatreatbakery.com/","Peek Á Treat"
"Yōko Matcha","Miami","Miami / Dade County","Vegan","Open","2211 NW 2nd Ave, Miami, Florida, USA, 33127","+1-786-664-8097","http://www.yokomatcha.com/","https://www.happycow.net/reviews/yoko-matcha-miami-200688","1","ChIJ-XTD_rG22YgRgumtfSwo070","2211 NW 2nd Ave, Miami, FL 33127, USA","25.7981523","-80.1987881","OPERATIONAL","http://dasherandcrank.com/","Dasher & Crank / Matcha Café"
"Supernatural Kitchen","Miami Beach","Miami / Dade County","Vegan","Open","100 Collins Avenue, Miami Beach, Florida, USA, 33139","","https://www.doordash.com/store/supernatural-kitchen-miami-beach-35279625/75030550/?srsltid=AfmBOorJEPDpCFHU1CoEhO8xOZJatjEsMFSso7UHtBw5-m9MujnKQ4Ug","https://www.happycow.net/reviews/supernatural-kitchen-miami-beach-486599","16","ChIJ7XACkru12YgRwi5LZ5jHw3k","INSIDE KAVA GARDEN, 100 Collins Ave, Miami Beach, FL 33139, USA","25.7701127","-80.134288","OPERATIONAL","","Supernatural Kitchen"
"Bodega Taqueria y Tequila","Miami Beach","Miami / Dade County","Vegan","Open","1220 16th St, Miami Beach, Florida, USA, 33139","+1-305-704-2145","https://www.bodegataqueria.com/","https://www.happycow.net/reviews/bodega-taqueria-y-tequila-miami-beach-263092","6","ChIJ812ECoi02YgRNjj8YJ8We_c","1220 16th St, Miami Beach, FL 33139, USA","25.788688699999998","-80.1416244","OPERATIONAL","https://www.bodegataqueria.com/","Bodega Taqueria y Tequila"
"Bodegon71","Miami Beach","Miami / Dade County","Vegan","Open","1014 71st St, Miami Beach, Florida, USA, 33141","+1-305-868-8009","https://www.ubereats.com/store/bodegon-71/DL8cFM9ySxaLf56GnRxwRA?diningMode=DELIVERY&pl=JTdCJTIyYWRkcmVzcyUyMiUzQSUyMlBPUyUyMFNvbHV0aW9ucyUyMiUyQyUyMnJlZmVyZW5jZSUyMiUzQSUyMkNoSUpoUTdkRWJKdTFtb1JXbzFndjllSUlMYyUyMiUyQyUyMnJlZmVyZW5jZVR5cGUlMjIlM0ElMjJnb29nbGVfcGxhY2VzJTIyJTJDJTIybGF0aXR1ZGUlMjIlM0EtMzcuOTkwMjI4NiUyQyUyMmxvbmdpdHVkZSUyMiUzQTE0NS4xNTIzNjc5JTdE&utm_campaign=place-action-link&utm_medium=organic&utm_source=google","https://www.happycow.net/reviews/bodegon71-miami-beach-398537","","ChIJyTDM2vGz2YgRsh_-WilxKJ0","1014 71st St, Miami Beach, FL 33141, USA","25.8550453","-80.1289147","OPERATIONAL","https://www.bodegon71.com/","BODEGON 71"
"Aura on Lincoln","Miami Beach","Miami / Dade County","Vegan","Open","927 Lincoln Rd (at Lincoln Road Mall), Miami Beach, Florida, USA, 33139","+1-305-695-8898","https://auraonlincoln.com/","https://www.happycow.net/reviews/aura-on-lincoln-miami-beach-402670","4","ChIJpSkrZIa02YgRRCfH2RzEe5g","927 Lincoln Rd, Miami Beach, FL 33139, USA","25.7908748","-80.1383115","OPERATIONAL","https://auramiamibeach.com/","Aura Miami Beach"
"AVIV","Miami Beach","Miami / Dade County","Vegan","Open","2341 Collins Avenue, Miami Beach, Florida, USA, 33139","+1-305-768-1386","https://www.avivsb.com/?utm_source=google-gbp&amp;utm_medium=organic&amp;utm_campaign=gbp","https://www.happycow.net/reviews/aviv-miami-beach-487988","5","ChIJTcVvE8e12YgRLrRM14_YJzM","2341 Collins Ave, Miami Beach, FL 33139, USA","25.7998576","-80.127084","OPERATIONAL","https://www.avivsb.com/?utm_source=google-gbp&utm_medium=organic&utm_campaign=gbp","AVIV"
"Bombay Grill","Miami Beach","Miami / Dade County","Vegan","Open","232 12th St, Miami Beach, Florida, USA, 33139","+1-305-534-3996","http://miamibombaygrill.com/?utm_source=local&utm_medium=organic&utm_campaign=gmb","https://www.happycow.net/reviews/bombay-grill-miami-beach-149390","15","ChIJZ-t1phK12YgRmO3-wetlzS0","234 12th St, Miami Beach, FL 33139, USA","25.782866499999997","-80.1320296","OPERATIONAL","https://bombaybistromiami.com/","Bombay Bistro"
"Call Me Cuban","Miami Beach","Miami / Dade County","Vegan","Open","1300 Ocean Dr (at Cardozo South Beach), Miami Beach, Florida, USA, 33139","+1-786-577-7600","https://cardozohotel.com/south_beach_restaurants/call-me-cuban","https://www.happycow.net/reviews/call-me-cuban-miami-beach-388884","6","ChIJLbyQ65612YgRSIE8RQk7qmo","1300 Ocean Dr, Miami Beach, FL 33139, USA","25.7840986","-80.13010009999999","OPERATIONAL","https://cardozohotel.com/south_beach_restaurants/call-me-cuban","Call Me Cuban"
"Cecconi's","Miami Beach","Miami / Dade County","Vegan","Open","4385 Collins Ave, Miami Beach, Florida, USA, 33140","+1-786-507-7902","http://cecconismiamibeach.com/","https://www.happycow.net/reviews/cecconis-miami-beach-201355","18","ChIJpRtljWmz2YgRJ6ksY39Xs9A","4385 Collins Ave, Miami Beach, FL 33140, USA","25.8159746","-80.1220196","OPERATIONAL","https://www.cecconismiamibeach.com/?utm_source=google&utm_medium=organic&utm_campaign=googlemybusiness","Cecconi's Miami"
"Essensia Restaurant & Lounge","Miami Beach","Miami / Dade County","Vegan","Open","3025 Collins Ave (at The Palms Hotel & Spa), Miami Beach, Florida, USA, 33140","+1-305-908-5458","https://www.essensiarestaurant.com/","https://www.happycow.net/reviews/essensia-restaurant-and-lounge-miami-beach-95554","5","ChIJVw6uxWaz2YgRi-aPdP6g20A","3025 Collins Ave, Miami Beach, FL 33140, USA","25.8061123","-80.1238844","OPERATIONAL","http://www.essensiarestaurant.com/","Essensia Restaurant at The Palms Hotel & Spa"
"Gogo Fresh","Miami Beach","Miami / Dade County","Vegan","Open","926 Alton Rd, Miami Beach, Florida, USA, 33139","+1-305-673-3137","https://www.ubereats.com/store/gogo-fresh-sobe/g1iVPFulQYy6z6M15Maxug?utm_campaign=place-action-link&utm_medium=organic&utm_source=google","https://www.happycow.net/reviews/gogo-fresh-miami-beach-399051","1","ChIJlfpq9oq02YgRk_vHNJpmWl8","926 Alton Rd, Miami Beach, FL 33139, USA","25.7797829","-80.1412297","OPERATIONAL","https://www.gogofreshfood.com/?utm_source=google&utm_medium=maps&utm_campaign=google_maps","GOGO FRESH SOBE"
"Moreno's Cuba","Miami Beach","Miami / Dade County","Vegan","Open","1850 Collins Ave, Miami Beach, Florida, USA, 33139","+1-305-497-2341","https://www.morenoscuba.com/","https://www.happycow.net/reviews/morenos-cuba-miami-beach-281199","9","ChIJ5Sdnw5y02YgRhNJgerwgi2o","1850 Collins Ave, Miami Beach, FL 33139, USA","25.7948384","-80.1296046","OPERATIONAL","https://www.morenoscuba.com/","Moreno's Cuba"
"Ocean Bistro at Cavalier","Miami Beach","Miami / Dade County","Vegan","Open","1320 Ocean Dr (at Collins Ave), Miami Beach, Florida, USA, 33139","+1-305-673-1199","http://www.cavaliersouthbeach.com/dining","https://www.happycow.net/reviews/ocean-bistro-at-cavalier-miami-beach-371323","10","ChIJ2cFWYja12YgRozchXaXxUE4","1320 Ocean Dr, Miami Beach, FL 33139, USA","25.784379299999998","-80.1301878","OPERATIONAL","https://www.oceanbistromiami.com/","Ocean Bistro"
"Piola","Miami Beach","Miami / Dade County","Vegan","Open","4000 Collins Ave, Miami Beach, Florida, USA, 33140","+1-786-453-2132","http://www.piola.it/local-miami-beach/cities/display","https://www.happycow.net/reviews/piola-miami-beach-155646","19","ChIJiXUQDhez2YgRKSr6OKwsJPI","4000 Collins Ave Ste B, Miami Beach, FL 33140, USA","25.8125745","-80.1232417","OPERATIONAL","https://piolausa.com/locations-miami-mid-beach-fl/","Piola Italian Restaurant Miami Beach"
"Pizza Rustica","Miami Beach","Miami / Dade County","Vegan","Open","863 Washington Ave, Miami Beach, Florida, USA, 33139","+1-305-674-8244","http://www.pizza-rustica.com/","https://www.happycow.net/reviews/pizza-rustica-miami-beach-262416","13","ChIJ5Xezn4202YgRcx9NTyuGQPo","863 Washington Ave, Miami Beach, FL 33139, USA","25.779434799999997","-80.13292179999999","OPERATIONAL","https://www.orderpizzarusticasouthbeach.com/?utm_source=gbp","Pizza Rustica South Beach"
"Poke OG","Miami Beach","Miami / Dade County","Vegan","Open","955 Alton Rd (at Alton Food Hall), Miami Beach, Florida, USA, 33139","+1-239-980-2912","https://pokeog.com/","https://www.happycow.net/reviews/poke-og-miami-beach-352927","","ChIJ-ztHaOi32YgRZfhHZYUOD2Y","161 SE 1st St, Miami, FL 33131, USA","25.7737929","-80.19061049999999","OPERATIONAL","https://pokeog.com/","Poke OG Downtown"
"Strawberry Moon","Miami Beach","Miami / Dade County","Vegan","Open","601 Washington Ave (at The Goodtime Hotel), Miami Beach, Florida, USA, 33139","+1-786-745-8050","http://strawberrymoonmiami.com/","https://www.happycow.net/reviews/strawberry-moon-miami-beach-264356","6","ChIJ2_CkYza12YgRPyVgpMJzhvQ","601 Washington Ave, Miami Beach, FL 33139, USA","25.7756488","-80.13363369999999","OPERATIONAL","https://strawberrymoonpoolparty.com/","Strawberry Moon Pool Party"
"The Tavern at Oceanside Hotel","Miami Beach","Miami / Dade County","Vegan","Open","6084 Collins Ave, Miami Beach, Florida, USA, 33140","+1-305-763-8125","https://www.ubereats.com/store/the-tavern-6084-collins-ave/gSiGjXIDWP-FYyDjccktIw?utm_campaign=place-action-link&utm_medium=organic&utm_source=google","https://www.happycow.net/reviews/the-tavern-at-oceanside-hotel-miami-beach-398996","","ChIJB3VU8x-z2YgRtXgysZQkCvo","6084 Collins Ave, Miami Beach, FL 33140, USA","25.84433","-80.120966","OPERATIONAL","https://oceansidehotelmiamibeach.com/thetavern/","The Tavern at Oceanside Hotel - American Restaurant in Miami Beach"
"TucuTanos","Miami Beach","Miami / Dade County","Vegan","Open","955 Alton Rd (at Alton Food Hall), Miami Beach, Florida, USA, 33139","+1-786-281-8636","https://leafletjs.com/","https://www.happycow.net/reviews/tucutanos-miami-beach-352930","","","","","","","",""
"OMAKAI","Doral","Miami / Dade County","Vegan","Open","5675 NW 87th Ave, No 106, Doral, Florida, USA, 33178","+1-786-949-6200","https://omakai.com/","https://www.happycow.net/reviews/omakai-doral-456276","8","ChIJb8vOxP672YgRRiTUr2LVihE","5675 NW 87th Ave #106, Doral, FL 33178, USA","25.8254468","-80.33743360000001","OPERATIONAL","https://omakai.com/","OMAKAI sushi"
"Kava Garden","Miami Beach","Miami / Dade County","Vegan","Open","100 Collins Avenue, Miami Beach, Florida, USA, 33139","+1-305-619-7697","https://www.kavagarden.com/","https://www.happycow.net/reviews/kava-garden-miami-beach-478888","1","ChIJjYa9Gui12YgRdgmnznd-1Eo","100 Collins Ave # Cu-4, Miami Beach, FL 33139, USA","25.7701127","-80.134288","OPERATIONAL","http://www.kavagarden.com/","Kava Garden South of Fifth"
"The Baked Bear","Miami Beach","Miami / Dade County","Vegan","Open","909 Washington Ave, Miami Beach, Florida, USA, 33139","","https://www.thebakedbear.com/miami","https://www.happycow.net/reviews/the-baked-bear-miami-beach-346741","18","ChIJa-EnGka12YgRQ_CmGGGysCQ","909 Washington Ave, Miami Beach, FL 33139, USA","25.779904799999997","-80.1328441","OPERATIONAL","https://www.thebakedbear.com/miami/","The Baked Bear"
"Anthony's Coal Fired Pizza","Doral","Miami / Dade County","Vegan","Open","2801 Northwest 87th Ave, Doral, Florida, USA, 33172","+1-305-718-8499","https://acfp.com/location/doral","https://www.happycow.net/reviews/anthonys-coal-fired-pizza-doral-270478","1","ChIJtcAcRG-52YgRtzYcljrknXc","2801 NW 87th Ave, Doral, FL 33172, USA","25.8004937","-80.3366279","OPERATIONAL","https://acfp.com/locations/doral","Anthony's Coal Fired Pizza & Wings"
"Shoma Bazaar","Doral","Miami / Dade County","Vegan","Open","9420 Northwest 41st Street, Doral, Florida, USA, 33178","+1-786-410-4700","https://shomabazaar.com/","https://www.happycow.net/reviews/shoma-bazaar-doral-474324","1","ChIJ5_Y9GBG52YgRQEL5rtPzpvs","9420 NW 41st St, Doral, FL 33178, USA","25.811356099999998","-80.3504585","OPERATIONAL","https://cityfoodhalldoralgroup.com/","City Food Hall Doral (formerly Shoma Bazaar)"
"La Cruzada Restaurant","Homestead","Miami / Dade County","Vegan","Open","331 Park Pl, Homestead, Florida, USA, 33030","+1-305-242-6240","https://leafletjs.com/","https://www.happycow.net/reviews/la-cruzada-restaurant-homestead-383792","2","ChIJwf3g5Wrn2YgRT1bbUQjjtx4","331 Park Pl, Homestead, FL 33030, USA","25.4734236","-80.4754523","OPERATIONAL","","La Cruzada Restaurant"
"CRAFT Key Biscayne","Key Biscayne","Miami / Dade County","Vegan","Open","260, Crandon Boulevard, Key Biscayne, Florida, USA, 33149","+1-786-721-8329","https://order.online/store/craft-key-biscayne-key-biscayne-27618689/?hideModal=true&pickup=true&rwg_token=AJKvS9XTif8b9e0Zutw8E_na59wGUNe6LUz3wb49QblDZlHr24xdvJyi5kEwKsHylQ6MMrZZPQ31Z-IHIjZMkY-6V-P78h82BQ==&utm_source=gfo","https://www.happycow.net/reviews/craft-key-biscayne-429281","2","ChIJXX2QOuPL2YgRbmbQCWrKzPc","260 Crandon Blvd Suite 14, Key Biscayne, FL 33149, USA","25.696122100000004","-80.164003","OPERATIONAL","https://www.craftmiami.us/","CRAFT Key Biscayne"
"17 Street Thai Sushi","Fort Lauderdale","Broward County","Vegan","Open","1515 SE 17th St, Fort Lauderdale, Florida, USA, 33316","+1-954-994-1717","http://www.17thaisushi.com/","https://www.happycow.net/reviews/17-street-thai-sushi-fort-lauderdale-121278","7","ChIJ3_YRhWkA2YgROVfLjJd4l9c","1515 SE 17th St #100, Fort Lauderdale, FL 33316, USA","26.100857400000002","-80.126571","OPERATIONAL","","17th Street Thai Sushi"
"The Hollywood Donut Factory","Fort Lauderdale","Broward County","Vegan","Open","610 E Las Olas Blvd, Fort Lauderdale, Florida, USA, 33301","+1-954-530-1370","https://www.thehollywooddonutfactory.com/","https://www.happycow.net/reviews/the-hollywood-donut-factory-fort-lauderdale-420083","10","ChIJFRTU0jAB2YgRe9ci8fkKNXU","610 E Las Olas Blvd, Fort Lauderdale, FL 33301, USA","26.1190736","-80.1367526","OPERATIONAL","http://www.thehollywooddonutfactory.com/","The Hollywood Donut Factory"
"Tiki Tide Kava Bar","Fort Lauderdale","Broward County","Vegan","Open","3418 Griffin Rd, Fort Lauderdale, Florida, USA, 33312","+1-954-465-0742","https://www.tikitidekava.com/","https://www.happycow.net/reviews/tiki-tide-kava-bar-fort-lauderdale-166184","","ChIJwTIjIfWp2YgRNXC7-E-XNcI","3418 Griffin Rd, Fort Lauderdale, FL 33312, USA","26.0619929","-80.19004559999999","OPERATIONAL","http://tikitidelounge.com/","Tiki Tide Kava"
"Yo Mama's Ice Cream","Fort Lauderdale","Broward County","Vegan","Open","901 Sunrise Ln, Fort Lauderdale, Florida, USA, 33304","+1-954-567-6002","http://yomamasicecream.com/","https://www.happycow.net/reviews/yo-mamas-ice-cream-fort-lauderdale-269840","5","ChIJj5Opq9AB2YgRsNRGsLwrdwY","901 Sunrise Ln, Fort Lauderdale, FL 33304, USA","26.1369472","-80.10388329999999","OPERATIONAL","http://www.yomamasicecream.com/","Yo Mama's Ice Cream-We Make Our Own Ice Cream!"
"Bandoleros Taquiera","Fort Lauderdale","Broward County","Vegan","Open","208 SW 2nd St, Fort Lauderdale, Florida, USA, 33301","+1-786-913-9307","https://www.bandolerostaqueria.com/","https://www.happycow.net/reviews/bandoleros-taquiera-fort-lauderdale-334334","3","ChIJW4FRHKYB2YgRysqiUseo0-A","208 SW 2nd St, Fort Lauderdale, FL 33301, USA","26.1202144","-80.1459882","OPERATIONAL","http://www.bandolerostaqueria.com/","Bandoleros Tacos & Tequila Bar - Fort Lauderdale"
"Bangkok Bistro","Fort Lauderdale","Broward County","Vegan","Open","1527 N Federal Hwy, Fort Lauderdale, Florida, USA, 33304","+1-954-908-5865","http://www.bangkokbistrofl.com/","https://www.happycow.net/reviews/bangkok-bistro-fort-lauderdale-264264","1","ChIJI8Jsb48B2YgRf2UZ4BpC9DA","1527 N Federal Hwy, Fort Lauderdale, FL 33304, USA","26.1472256","-80.1206177","OPERATIONAL","http://www.bangkokbistrofl.com/","Bangkok Bistro Thai & Sushi"
"Cafe Ibiza","Fort Lauderdale","Broward County","Vegan","Open","213 S Fort Lauderdale Beach Blvd, Fort Lauderdale, Florida, USA, 33316","+1-954-559-0222","https://www.cafeibizaflb.com/","https://www.happycow.net/reviews/cafe-ibiza-fort-lauderdale-326719","6","ChIJWWn0ECwA2YgRKhpw1cZRSyo","213 S Fort Lauderdale Beach Blvd, Fort Lauderdale, FL 33316, USA","26.120516799999997","-80.1046623","OPERATIONAL","http://www.cafeibizaflb.com/","Cafe Ibiza"
"Cafe Italia","Fort Lauderdale","Broward County","Vegan","Open","3471 N Federal Hwy , Fort Lauderdale, Florida, USA, 33308","+1-954-561-3900","http://www.cafeitaliaristorante.com/","https://www.happycow.net/reviews/cafe-italia-fort-lauderdale-125672","2","ChIJkSM9JfUB2YgRGRFkrpDBSWQ","3471 N Federal Hwy, Fort Lauderdale, FL 33306, USA","26.1710439","-80.1196327","CLOSED_TEMPORARILY","https://x.com/cafeitaliaFL","Cafe Italia"
"Luigis","Fort Lauderdale","Broward County","Vegan","Open","1415 E Las Olas Blvd, Fort Lauderdale, Florida, USA","+1-954-522-8888","https://luigiscoalovenpizza.com/","https://www.happycow.net/reviews/luigis-fort-lauderdale-341662","","ChIJQVTB9U4A2YgRJlIxxgRfZuM","1415 E Las Olas Blvd, Fort Lauderdale, FL 33301, USA","26.1196684","-80.1288732","OPERATIONAL","https://luigiscoalovenpizza.com/?utm_source=google","Luigi's Coal Oven Pizza"
"Gioiaeat","Hollywood","Broward County","Vegan","Open","1817 N Young Cir, Hollywood, Florida, USA, 33020","+1-954-929-7575","https://gioiaeat.com/","https://www.happycow.net/reviews/gioiaeat-hollywood-307637","1","ChIJf-BFoIGr2YgRPKTIExwmIAU","701 N Federal Hwy Ste 112, Hallandale Beach, FL 33009, USA","25.993597599999998","-80.1428477","OPERATIONAL","https://gioiaitaly.com/","Gioia Italy - Italian Restaurant"
"GoBistro","Hollywood","Broward County","Vegan","Open","2035 Hollywood Blvd, Hollywood, Florida, USA, 33020","+1-754-263-2826","http://www.eatgobistro.com/","https://www.happycow.net/reviews/gobistro-hollywood-213954","5","ChIJ7WfMqpir2YgRlt5AoaSX0BM","2035 Hollywood Blvd, Hollywood, FL 33020, USA","26.0116782","-80.1484541","OPERATIONAL","https://eatgobistro.com/?utm_source=google","GoBistro"
"Mamacitas Latin Bar & Grill","Hollywood","Broward County","Vegan","Open","591 N Broadwalk, Hollywood, Florida, USA, 33019","+1-954-921-7988","https://www.mamacitagrill.com/","https://www.happycow.net/reviews/mamacitas-latin-bar-and-grill-hollywood-386187","1","ChIJFx7THDyr2YgREtcEprpt41U","591 N Broadwalk, Hollywood, FL 33019, USA","26.0153789","-80.1156306","OPERATIONAL","http://www.mamacitagrill.com/","Mamacitas Latin Bar & Grill"
"Mickey Byrne's Irish Pub","Hollywood","Broward County","Vegan","Open","1921 Hollywood Blvd, Hollywood, Florida, USA, 33020","+1-954-921-2317","https://www.mickeybyrnes.com/","https://www.happycow.net/reviews/mickey-byrnes-irish-pub-hollywood-276236","1","ChIJP7a11aGr2YgRFjYb1xRdHE8","1921 Hollywood Blvd, Hollywood, FL 33020, USA","26.011699","-80.1458431","OPERATIONAL","https://www.mickeybyrnes.com/","Mickey Byrne's Irish Pub & Restaurant"
"GUD GIRL GONE BAD Caribbean Restaurant & Lounge","Lauderhill","Broward County","Vegan","Open","1851 NW 38th Ave (at 19th St), Lauderhill, Florida, USA, 33311","+1-754-223-4464","https://gudgirlgonebad.com/vegan-menu","https://www.happycow.net/reviews/gud-girl-gone-bad-caribbean-restaurant-and-lounge-lauderhill-425633","3","ChIJP0vvmZcH2YgRcsTeVEcEJFU","1851 NW 38th Ave, Lauderhill, FL 33311, USA","26.149607699999997","-80.200283","OPERATIONAL","https://www.gudgirlgonebad.com/","GUD GIRL GONE BAD CARIBBEAN RESTAURANT & LOUNGE"
"One Lebanese","Sunrise","Broward County","Vegan","Open","1396 SW 160th Ave (at Indian Trace Shopping Center), Sunrise, Florida, USA, 33326","+1-954-870-6986","https://www.onelebanese.com/","https://www.happycow.net/reviews/one-lebanese-sunrise-330429","12","ChIJrcpZAWwJ2YgRggjvq0d_WWA","One Lebanese Cusine, 1396 SW 160th Ave, Sunrise, FL 33326, USA","26.1030189","-80.36138969999999","OPERATIONAL","https://www.onelebanese.com/","One Lebanese"
"Sushi Song Gaysha","Wilton Manors","Broward County","Vegan","Open","2223 Wilton Dr, Wilton Manors, Florida, USA, 33334","+1-954-530-0153","https://sushisong.com/gaysha-wilton-manors/","https://www.happycow.net/reviews/sushi-song-gaysha-wilton-manors-165300","","ChIJCyZVu54B2YgRMzG9pivbHp8","2223 Wilton Dr, Wilton Manors, FL 33334, USA","26.156607599999997","-80.13831689999999","OPERATIONAL","https://sushisong.com/gaysha-wilton-manors/","Sushi Song - Gaysha Wilton Manors"
"Hippocrates Health Institute","West Palm Beach","Palm Beach County","Vegan","Open","1466 Hippocrates Wy, West Palm Beach, Florida, USA, 33411","+1-561-471-8876","http://hippocratesinst.org/","https://www.happycow.net/reviews/hippocrates-institute-west-palm-beach-13799","57","ChIJyVJ12hsp2YgRwpSR1if7hJE","1466 Hippocrates Way, West Palm Beach, FL 33411, USA","26.6986599","-80.1586829","OPERATIONAL","https://hippocrateswellness.org/","Hippocrates Wellness"
"Agora Mediterranean Kitchen","West Palm Beach","Palm Beach County","Vegan","Open","2505 N Dixie Hwy, West Palm Beach, Florida, USA, 33407","+1-561-651-7474","http://www.agorakitchenwpb.com/","https://www.happycow.net/reviews/agora-mediterranean-kitchen-west-palm-beach-27218","11","ChIJpwbwsSzU2IgRmtSSXsOs8SM","2505 N Dixie Hwy, West Palm Beach, FL 33407, USA","26.7358628","-80.0529705","OPERATIONAL","https://www.agorakitchenwpb.com/","Agora Mediterranean Kitchen"
"Spruzzo","West Palm Beach","Palm Beach County","Vegan","Open","251 N Narcissus Ave, 8th Fl, West Palm Beach, Florida, USA, 33401","+1-561-461-0050","https://www.spruzzowestpalm.com/","https://www.happycow.net/reviews/spruzzo-west-palm-beach-442303","1","ChIJ-82lKiPX2IgRY_DBRHcmcwo","251 N Narcissus Ave, West Palm Beach, FL 33401, USA","26.714815899999998","-80.0508291","OPERATIONAL","https://www.spruzzowestpalm.com/?utm_source=google-gbp&utm_medium=organic&utm_campaign=gbp","Spruzzo"
"Howley's","West Palm Beach","Palm Beach County","Vegan","Open","4700 South Dixie Highway, West Palm Beach, Florida, USA, 33405","+1-561-833-5691","http://www.howleyswpb.com/","https://www.happycow.net/reviews/howleys-west-palm-beach-201621","3","ChIJz8iS56fX2IgR0Imaw6A1vV8","4700 S Dixie Hwy, West Palm Beach, FL 33405, USA","26.670384","-80.0548537","OPERATIONAL","http://sub-culture.org/howleys/","Howley's Restaurant"
"Lulu's","Delray Beach","Palm Beach County","Vegan","Open","189 NE Second Ave, Delray Beach, Florida, USA, 33483","+1-561-453-2628","https://lulusdelray.com/","https://www.happycow.net/reviews/lulus-delray-beach-276315","3","ChIJFwHLUSHf2IgRJHYtMXeujZw","189 NE 2nd Ave, Delray Beach, FL 33444, USA","26.4650575","-80.0709321","OPERATIONAL","http://www.lulusdelray.com/","Lulu's Café & Cocktails"
"Zen Clarity Kava Bar","Delray Beach","Palm Beach County","Vegan","Open","2725 N Federal Hwy, Delray Beach, Florida, USA, 33483","+1-561-359-3414","https://zen-clarity.com/","https://www.happycow.net/reviews/zen-clarity-kava-bar-delray-beach-421732","5","ChIJDxotXaHf2IgRic0GWeq9DE8","2725 N Federal Hwy, Delray Beach, FL 33483, USA","26.4905325","-80.0633359","OPERATIONAL","https://www.zen-clarity.com/","Zen Clarity Kava lounge."
